county_name, pop_total , pop_male , pop_female , hh_total , hh_conventional , hh_group_quarters , land_area_sqkm  , persons_per_sqkm  ,level
Kenya,"47,564,296","23,548,056","24,014,716","12,143,913","12,043,016","100,897","580,895",82,National
Mombasa,"1,208,333","610,257","598,046","378,422","376,295","2,127",220,"5,495",County
Changamwe,"131,882","68,761","63,121","46,614","46,439",175,18,"7,457",Sub-county
Jomvu,"163,415","83,002","80,410","53,472","53,214",258,37,"4,432",Sub-county
Kisauni,"291,930","146,748","145,176","88,202","88,159",43,88,"3,328",Sub-county
Likoni,"250,358","126,962","123,392","81,191","80,002","1,189",40,"6,187",Sub-county
Mvita,"154,171","75,565","78,601","38,995","38,710",285,15,"10,543",Sub-county
Nyali,"216,577","109,219","107,346","69,948","69,771",177,23,"9,610",Sub-county
Kwale,"866,820","425,121","441,681","173,176","172,802",374,"8,254",105,County
Kinango,"94,220","45,413","48,806","16,043","16,041",2,"1,612",58,Sub-county
Lunga Lunga,"198,423","97,174","101,245","37,366","37,276",90,"2,765",72,Sub-county
Matuga,"194,252","95,831","98,419","39,231","39,124",107,"1,034",188,Sub-county
Msambweni,"177,690","89,206","88,480","45,466","45,374",92,412,432,Sub-county
Samburu,"202,235","97,497","104,731","35,070","34,987",83,"2,430",83,Sub-county
Kilifi,"1,453,787","704,089","749,673","298,472","297,990",482,"12,553",116,County
Chonyi,"62,335","29,527","32,807","11,421","11,416",5,193,324,Sub-county
Ganze,"143,906","66,921","76,981","23,258","23,197",61,"3,218",45,Sub-county
Kaloleni,"193,682","92,614","101,063","36,355","36,344",11,706,274,Sub-county
Kauma,"22,638","10,965","11,673","3,479","3,479", - ,181,125,Sub-county
Kilifi North,"178,824","86,986","91,836","39,512","39,508",4,264,676,Sub-county
Kilifi South,"206,753","101,852","104,897","53,074","53,011",63,290,712,Sub-county
Magarini,"191,610","93,302","98,308","33,017","32,978",39,"5,229",37,Sub-county
Malindi,"333,226","163,351","169,866","73,547","73,317",230,"2,263",147,Sub-county
Rabai,"120,813","58,571","62,242","24,809","24,740",69,208,581,Sub-county
Tana River,"315,943","158,550","157,391","68,242","66,984","1,258","37,904",8,County
Tana Delta,"110,640","55,716","54,924","22,791","22,395",396,"15,432",7,Sub-county
Tana North,"116,757","59,123","57,632","26,886","26,119",767,"13,305",9,Sub-county
Tana River,"88,546","43,711","44,835","18,565","18,470",95,"9,167",10,Sub-county
Lamu,"143,920","76,103","67,813","37,963","34,231","3,732","6,283",23,County
Lamu East,"22,258","11,675","10,583","5,090","4,476",614,"2,338",10,Sub-county
Lamu West,"121,662","64,428","57,230","32,873","29,755","3,118","3,945",31,Sub-county
Taita Taveta,"340,671","173,337","167,327","96,429","94,468","1,961","17,152",20,County
Mwatate,"81,659","41,426","40,231","23,698","23,184",514,"2,723",30,Sub-county
Taita,"55,959","28,386","27,573","15,094","14,985",109,478,117,Sub-county
Taveta,"91,222","47,410","43,812","24,115","23,417",698,"6,399",14,Sub-county
Voi,"111,831","56,115","55,711","33,522","32,882",640,"7,553",15,Sub-county
Garissa,"841,353","458,975","382,344","141,394","138,940","2,454","44,753",19,County
Balambala,"32,257","20,277","11,979","4,337","3,986",351,"3,684",9,Sub-county
Dadaab,"185,252","99,059","86,185","35,793","35,169",624,"6,415",29,Sub-county
Fafi,"134,040","72,617","61,413","23,671","23,351",320,"15,050",9,Sub-county
Garissa,"163,914","83,460","80,449","30,518","29,790",728,"3,318",49,Sub-county
Hulugho,"133,984","78,081","55,898","20,254","20,078",176,"7,737",17,Sub-county
Ijara,"141,591","80,458","61,129","18,481","18,296",185,"2,453",58,Sub-county
Lagdera,"50,315","25,023","25,291","8,340","8,270",70,"6,096",8,Sub-county
Wajir,"781,263","415,374","365,840","127,932","126,878","1,054","56,774",14,County
Buna,"49,886","26,796","23,088","6,480","6,480", - ,"3,888",13,Sub-county
Eldas,"89,104","45,028","44,069","13,961","13,862",99,"4,492",20,Sub-county
Habaswein,"174,134","94,613","79,505","31,292","31,113",179,"10,912",16,Sub-county
Tarbaj,"56,637","26,856","29,776","9,309","9,241",68,"9,608",6,Sub-county
Wajir East,"110,654","59,359","51,292","18,674","18,282",392,"4,053",27,Sub-county
Wajir North,"62,206","31,990","30,209","10,490","10,478",12,"4,042",15,Sub-county
Wajir South,"116,814","64,947","51,864","21,364","21,149",215,"10,734",11,Sub-county
Wajir West,"121,828","65,785","56,037","16,362","16,273",89,"9,044",13,Sub-county
Mandera,"867,457","434,976","432,444","125,763","123,954","1,809","25,942",33,County
Mandera West,"98,300","48,166","50,130","14,274","14,201",73,"4,018",24,Sub-county
Banisa,"152,598","78,301","74,288","24,285","24,000",285,"3,944",39,Sub-county
Kutulo,"72,394","35,799","36,593","9,446","9,342",104,"2,509",29,Sub-county
Lafey,"83,457","40,476","42,976","11,597","11,380",217,"3,795",22,Sub-county
Mandera Central,"157,220","71,688","85,527","21,140","20,795",345,"4,032",39,Sub-county
Mandera East,"159,638","83,538","76,095","25,904","25,206",698,"2,506",64,Sub-county
Mandera North,"143,850","77,008","66,835","19,117","19,030",87,"5,138",28,Sub-county
Marsabit,"459,785","243,548","216,219","77,495","76,689",806,"70,944",6,County
Loiyangalani,"35,713","17,659","18,051","7,774","7,646",128,"11,789",3,Sub-county
Marsabit Central,"79,181","40,956","38,214","15,849","15,658",191,"2,143",37,Sub-county
Marsabit North,"54,297","30,091","24,205","7,521","7,468",53,"19,837",3,Sub-county
Marsabit South,"65,376","33,215","32,161","11,615","11,563",52,"8,447",8,Sub-county
Moyale,"108,949","56,440","52,508","17,709","17,591",118,"3,327",33,Sub-county
North Horr,"71,447","41,719","29,726","9,789","9,601",188,"19,337",4,Sub-county
Sololo,"44,822","23,468","21,354","7,238","7,162",76,"6,064",7,Sub-county
Isiolo,"268,002","139,510","128,483","58,072","53,217","4,855","25,349",11,County
Garbatulla,"99,730","54,661","45,068","18,661","17,047","1,614","9,902",10,Sub-county
Isiolo,"121,066","60,414","60,647","29,853","27,612","2,241","2,691",45,Sub-county
Merti,"47,206","24,435","22,768","9,558","8,558","1,000","12,756",4,Sub-county
Meru,"1,545,714","767,698","777,975","426,360","423,931","2,429","7,014",220,County
Buuri East,"76,598","38,101","38,497","23,834","23,737",97,333,230,Sub-county
Buuri West,"80,762","40,496","40,264","27,973","27,905",68,639,126,Sub-county
Igembe Central,"221,412","111,208","110,200","52,031","51,848",183,603,367,Sub-county
Igembe North,"169,317","83,364","85,949","38,871","38,716",155,"1,113",152,Sub-county
Igembe South,"161,646","80,192","81,446","43,281","43,222",59,255,633,Sub-county
Imenti North,"177,567","88,506","89,056","57,668","57,556",112,232,767,Sub-county
Imenti South,"206,506","103,338","103,162","64,186","63,954",232,418,494,Sub-county
Meru Central,"133,818","66,920","66,894","39,595","39,498",97,377,355,Sub-county
Tigania Central,"104,730","51,814","52,916","25,039","24,983",56,237,441,Sub-county
Tigania East,"72,549","35,352","37,194","17,185","16,791",394,511,142,Sub-county
Tigania West,"139,961","67,715","72,241","36,207","35,402",805,399,351,Sub-county
Meru National Park,385,283,102,207,46,161,838,0,Sub-county
Mt. Kenya Forest,463,409,54,283,273,10,"1,060",0,Sub-county
Tharaka Nithi,"393,177","193,764","199,406","109,860","109,450",410,"2,564",153,County
Igambang'Ombe,"53,210","26,464","26,745","14,398","14,383",15,323,165,Sub-county
Maara,"114,894","57,689","57,205","35,041","34,779",262,266,431,Sub-county
Meru South,"91,080","44,923","46,155","28,249","28,211",38,139,656,Sub-county
Tharaka North,"58,345","28,290","30,053","13,413","13,403",10,839,70,Sub-county
Tharaka South,"75,250","36,190","39,058","18,646","18,603",43,637,118,Sub-county
Mount Kenya Forest,398,208,190,113,71,42,360,1,Sub-county
Embu,"608,599","304,208","304,367","182,743","182,427",316,"2,821",216,County
Embu East,"129,564","64,571","64,991","39,678","39,586",92,253,512,Sub-county
Embu North,"79,556","39,665","39,888","24,300","24,294",6,111,719,Sub-county
Embu West,"127,100","63,125","63,966","43,153","43,126",27,158,804,Sub-county
Mbeere South,"163,476","83,311","80,159","46,065","45,924",141,"1,312",125,Sub-county
Mbeere North,"108,881","53,517","55,360","29,528","29,483",45,784,139,Sub-county
Mount Kenya Forest,22,19,3,19,14,5,203,0,Sub-county
Kitui,"1,136,187","549,003","587,151","262,942","261,814","1,128","30,430",37,County
Ikutha,"82,964","39,986","42,976","16,679","16,579",100,"9,033",9,Sub-county
Katulani,"47,108","23,150","23,957","12,170","12,166",4,324,146,Sub-county
Kisasi,"46,142","22,646","23,496","10,866","10,860",6,295,157,Sub-county
Kitui Central,"105,991","52,123","53,863","29,057","29,026",31,422,251,Sub-county
Kitui West,"70,871","33,887","36,983","17,497","17,465",32,416,170,Sub-county
Kyuso,"76,867","36,789","40,077","15,993","15,969",24,"2,525",30,Sub-county
Lower Yatta,"63,329","31,701","31,628","15,454","15,021",433,"1,191",53,Sub-county
Matinyani,"47,811","23,362","24,448","11,513","11,497",16,264,181,Sub-county
Migwani,"79,255","37,525","41,726","19,096","18,843",253,635,125,Sub-county
Mumoni,"29,344","13,748","15,596","6,496","6,451",45,611,48,Sub-county
Mutitu,"55,287","26,388","28,896","11,521","11,490",31,"4,710",12,Sub-county
Mutitu North,"21,215","10,337","10,877","4,929","4,929", - ,548,39,Sub-county
Mutomo,"113,356","54,819","58,531","23,044","23,034",10,"2,853",40,Sub-county
Mwingi Central,"108,713","52,539","56,174","26,753","26,745",8,"1,146",95,Sub-county
Mwingi East,"85,139","40,314","44,820","18,730","18,725",5,"3,418",25,Sub-county
Nzambani,"46,788","22,929","23,857","11,276","11,276", - ,320,146,Sub-county
Thagicu,"15,136","7,141","7,994","3,289","3,289", - ,363,42,Sub-county
Tseikuru,"40,871","19,619","21,252","8,579","8,449",130,"1,356",30,Sub-county
Machakos,"1,421,932","710,707","711,191","402,466","399,523","2,943","6,037",236,County
Athi River,"322,499","164,322","158,172","109,735","109,723",12,835,386,Sub-county
Kalama,"54,462","26,764","27,692","14,182","14,137",45,480,113,Sub-county
Kangundo,"97,917","48,697","49,219","26,142","26,115",27,173,565,Sub-county
Kathiani,"111,890","54,910","56,976","28,730","28,730", - ,204,548,Sub-county
Machakos,"170,606","85,486","85,114","50,979","50,753",226,280,609,Sub-county
Masinga,"148,522","73,519","75,001","36,251","36,196",55,"1,407",106,Sub-county
Matungulu,"161,557","81,145","80,407","44,454","44,399",55,581,278,Sub-county
Mwala,"181,896","90,427","91,466","45,840","45,809",31,"1,013",179,Sub-county
Yatta,"172,583","85,437","87,144","46,153","43,661","2,492","1,062",162,Sub-county
Makueni,"987,653","489,691","497,942","244,669","243,979",690,"8,177",121,County
Kathonzweni,"79,780","39,335","40,442","18,365","18,362",3,881,91,Sub-county
Kibwezi,"197,000","98,477","98,517","47,912","47,594",318,"3,137",63,Sub-county
Kilungu,"60,952","29,019","31,932","14,586","14,563",23,154,395,Sub-county
Makindu,"84,946","42,204","42,742","21,756","21,662",94,852,100,Sub-county
Makueni,"130,375","65,418","64,955","34,479","34,352",127,609,214,Sub-county
Mbooni East,"97,756","48,152","49,601","23,734","23,724",10,693,141,Sub-county
Mbooni West,"102,594","49,434","53,159","24,833","24,807",26,271,379,Sub-county
Mukaa,"107,549","54,481","53,068","28,185","28,109",76,804,134,Sub-county
Nzaui,"126,701","63,171","63,526","30,819","30,806",13,775,163,Sub-county
Nyandarua,"638,289","315,022","323,247","179,686","178,224","1,462","3,286",194,County
Kinangop,"111,410","54,727","56,679","30,970","30,847",123,294,379,Sub-county
Nyandarua South,"93,870","46,157","47,708","25,822","25,650",172,314,299,Sub-county
Mirangine,"67,214","33,447","33,766","18,816","17,880",936,246,274,Sub-county
Kipipiri,"93,855","46,113","47,740","25,200","25,077",123,456,206,Sub-county
Nyandarua Central,"75,262","37,329","37,931","21,942","21,852",90,347,217,Sub-county
Nyandarua West,"97,965","48,752","49,209","29,008","29,003",5,385,255,Sub-county
Nyandarua North,"98,698","48,486","50,210","27,917","27,906",11,528,187,Sub-county
Aberdare National Park,15,11,4,11,9,2,717,0,Sub-county
Nyeri,"759,164","374,288","384,845","248,050","244,564","3,486","3,325",228,County
Tetu,"80,453","39,293","41,155","24,139","24,122",17,217,372,Sub-county
Kieni East,"110,376","55,360","55,012","36,835","36,751",84,449,246,Sub-county
Kieni West,"88,525","43,843","44,677","27,619","27,530",89,518,171,Sub-county
Mathira East,"99,065","48,070","50,992","35,044","33,945","1,099",130,760,Sub-county
Mathira West,"59,895","29,480","30,412","19,020","18,892",128,162,369,Sub-county
Nyeri South,"91,081","44,115","46,964","28,228","28,103",125,169,538,Sub-county
Mukurwe-Ini,"89,137","43,975","45,156","27,040","27,036",4,179,498,Sub-county
Nyeri Central,"140,338","69,955","70,380","49,945","48,036","1,909",168,837,Sub-county
Mt. Kenya Forest,188,123,65,101,101, - ,611,0,Sub-county
Aberdare Forest,106,74,32,79,48,31,722,0,Sub-county
Kirinyaga,"610,411","302,011","308,369","204,188","203,576",612,"1,478",413,County
Kirinyaga Central,"122,740","60,118","62,617","40,225","40,149",76,153,800,Sub-county
Kirinyaga East,"135,559","67,037","68,514","44,571","44,509",62,232,585,Sub-county
Kirinyaga West,"114,660","56,154","58,502","38,309","37,951",358,208,552,Sub-county
Mwea East,"132,554","66,432","66,114","46,340","46,331",9,303,437,Sub-county
Mwea West,"104,828","52,228","52,594","34,720","34,613",107,239,438,Sub-county
Mount Kenya Forest,70,42,28,23,23, - ,343,0,Sub-county
Murang'a,"1,056,640","523,940","532,669","318,105","317,496",609,"2,523",419,County
Murang'A East,"110,311","54,665","55,645","34,734","34,650",84,241,458,Sub-county
Kangema,"80,447","39,582","40,862","25,293","25,283",10,174,463,Sub-county
Mathioya,"92,814","45,454","47,359","28,400","28,372",28,178,523,Sub-county
Kahuro,"88,193","43,352","44,834","26,930","26,778",152,169,521,Sub-county
Murang'A South,"184,824","91,732","93,087","55,998","55,878",120,457,405,Sub-county
Gatanga,"187,989","94,437","93,548","55,461","55,340",121,531,354,Sub-county
Kigumo,"136,921","67,989","68,929","40,552","40,528",24,244,561,Sub-county
Kandara,"175,098","86,698","88,393","50,704","50,657",47,235,746,Sub-county
Aberdare Forest,43,31,12,33,10,23,295,0,Sub-county
Kiambu,"2,417,735","1,187,146","1,230,454","795,241","792,333","2,908","2,539",952,County
Gatundu North,"109,870","54,189","55,678","31,472","31,452",20,286,384,Sub-county
Gatundu South,"122,103","60,384","61,714","35,609","35,577",32,194,631,Sub-county
Githunguri,"165,232","82,037","83,187","49,426","49,414",12,174,948,Sub-county
Juja,"300,948","148,446","152,480","104,301","104,042",259,342,880,Sub-county
Kabete,"199,653","97,794","101,845","66,710","66,681",29,61,"3,289",Sub-county
Kiambaa,"236,400","115,690","120,695","80,332","80,316",16,91,"2,595",Sub-county
Kiambu,"145,903","69,661","76,225","47,275","46,816",459,98,"1,483",Sub-county
Kikuyu,"187,122","90,919","96,198","60,686","60,619",67,173,"1,082",Sub-county
Lari,"135,303","67,061","68,238","38,592","38,585",7,432,313,Sub-county
Limuru,"159,314","79,632","79,682","49,174","49,096",78,285,559,Sub-county
Ruiru,"371,111","180,947","190,144","129,470","127,910","1,560",201,"1,846",Sub-county
Thika East,"38,956","19,688","19,264","12,736","12,736", - ,110,354,Sub-county
Thika West,"245,820","120,698","125,104","89,458","89,089",369,91,"2,689",Sub-county
Turkana,"926,976","478,087","448,868","164,519","162,627","1,892","68,233",14,County
Kibish,"36,769","18,651","18,117","5,805","5,699",106,"10,466",4,Sub-county
Loima,"107,795","54,341","53,453","19,438","19,139",299,"9,120",12,Sub-county
Turkana Central,"185,305","93,145","92,160","38,173","37,917",256,"6,415",29,Sub-county
Turkana East,"138,526","76,871","61,643","17,981","17,887",94,"11,396",12,Sub-county
Turkana North,"65,218","32,810","32,408","13,119","12,964",155,"7,012",9,Sub-county
Turkana South,"153,736","78,402","75,329","24,552","24,281",271,"7,045",22,Sub-county
Turkana West,"239,627","123,867","115,758","45,451","44,740",711,"16,779",14,Sub-county
West Pokot,"621,241","307,013","314,213","116,182","115,761",421,"9,123",68,County
Kipkomo,"102,633","50,923","51,703","18,370","18,367",3,766,134,Sub-county
Pokot Central,"119,016","59,682","59,331","21,850","21,784",66,"2,055",58,Sub-county
Pokot North,"134,485","64,780","69,702","25,804","25,736",68,"3,911",34,Sub-county
Pokot South,"80,661","39,808","40,851","13,817","13,752",65,537,150,Sub-county
West Pokot,"184,446","91,820","92,626","36,341","36,122",219,"1,855",99,Sub-county
Samburu,"310,327","156,774","153,546","65,910","63,951","1,959","21,090",15,County
Samburu Central,"164,942","83,633","81,307","34,202","33,720",482,"3,699",45,Sub-county
Samburu East,"77,994","38,211","39,782","18,424","17,307","1,117","10,016",8,Sub-county
Samburu North,"67,391","34,930","32,457","13,284","12,924",360,"7,375",9,Sub-county
Trans Nzoia,"990,341","489,107","501,206","223,808","222,989",819,"2,495",397,County
Trans Nzoia West,"202,377","101,198","101,174","47,603","47,576",27,355,569,Sub-county
Trans Nzoia East,"229,538","113,498","116,029","50,017","49,955",62,629,365,Sub-county
Kwanza,"203,821","100,234","103,584","45,752","45,599",153,465,438,Sub-county
Endebess,"111,782","56,090","55,689","23,705","23,246",459,678,165,Sub-county
Kiminini,"242,823","118,087","124,730","56,731","56,613",118,367,662,Sub-county
Uasin Gishu,"1,163,186","580,269","582,889","304,943","301,110","3,833","3,399",342,County
Ainabkoi,"138,184","68,348","69,835","34,892","34,862",30,483,286,Sub-county
Kapseret,"198,499","99,650","98,845","59,746","59,678",68,299,663,Sub-county
Kesses,"148,798","74,301","74,493","34,653","34,623",30,748,199,Sub-county
Moiben,"181,338","90,309","91,027","46,729","46,602",127,770,236,Sub-county
Soy,"229,094","114,082","115,007","53,784","53,758",26,668,343,Sub-county
Turbo,"267,273","133,579","133,682","75,139","71,587","3,552",431,620,Sub-county
Elgeyo Marakwet,"454,480","227,317","227,151","99,861","99,119",742,"3,032",150,County
Keiyo North,"99,176","49,601","49,574","21,947","21,749",198,543,183,Sub-county
Keiyo South,"120,750","60,919","59,827","27,029","26,740",289,898,134,Sub-county
Marakwet East,"97,041","47,849","49,190","21,362","21,123",239,853,114,Sub-county
Marakwet West,"137,513","68,948","68,560","29,523","29,507",16,738,186,Sub-county
Nandi,"885,711","441,259","444,430","199,426","199,040",386,"2,849",311,County
Chesumei,"164,133","80,949","83,180","39,051","39,011",40,475,346,Sub-county
Nandi Central,"147,553","73,291","74,255","34,400","34,247",153,362,407,Sub-county
Nandi East,"119,173","59,899","59,271","29,253","29,249",4,392,304,Sub-county
Nandi North,"166,171","82,512","83,656","35,297","35,257",40,606,274,Sub-county
Nandi South,"172,750","85,718","87,029","37,094","37,038",56,457,378,Sub-county
Tinderet,"115,931","58,890","57,039","24,331","24,238",93,557,208,Sub-county
Baringo,"666,763","336,322","330,428","142,518","141,877",641,"10,985",61,County
Baringo Central,"96,951","48,120","48,829","23,555","23,523",32,786,123,Sub-county
Baringo North,"104,871","52,369","52,500","23,500","23,345",155,"1,629",64,Sub-county
East Pokot,"79,923","40,462","39,459","14,498","14,392",106,"2,500",32,Sub-county
Koibatek,"129,535","65,295","64,238","30,774","30,752",22,939,138,Sub-county
Marigat,"90,955","45,706","45,246","19,854","19,658",196,"1,405",65,Sub-county
Mogotio,"91,104","46,014","45,088","18,184","18,169",15,"1,375",66,Sub-county
Tiaty East,"73,424","38,356","35,068","12,153","12,038",115,"2,163",34,Sub-county
Lake Baringo, - , - , - , - , - , - ,186, - ,Sub-county
Laikipia,"518,560","259,440","259,102","149,271","145,776","3,495","9,508",55,County
Laikipia Central,"95,594","47,888","47,705","30,372","29,877",495,"1,233",78,Sub-county
Laikipia East,"102,815","52,078","50,732","33,505","31,311","2,194","1,539",67,Sub-county
Laikipia North,"36,184","18,067","18,116","7,752","7,694",58,"2,550",14,Sub-county
Laikipia West,"129,263","65,158","64,102","33,025","32,821",204,"3,372",38,Sub-county
Nyahururu,"154,704","76,249","78,447","44,617","44,073",544,813,190,Sub-county
Nakuru,"2,162,202","1,077,272","1,084,835","616,046","598,237","17,809","7,505",288,County
Gilgil,"185,209","92,955","92,247","58,920","49,405","9,515","1,075",172,Sub-county
Kuresoi North,"175,074","87,472","87,599","40,359","40,168",191,618,283,Sub-county
Kuresoi South,"155,324","78,204","77,117","34,627","34,543",84,591,263,Sub-county
Molo,"156,732","78,129","78,598","41,462","41,439",23,483,324,Sub-county
Naivasha,"355,383","179,222","176,132","117,633","111,493","6,140","1,958",181,Sub-county
Nakuru East,"193,926","92,956","100,960","61,398","60,066","1,332",231,840,Sub-county
Nakuru North,"218,050","106,155","111,880","61,728","61,582",146,387,563,Sub-county
Nakuru West,"198,661","101,797","96,854","64,481","64,429",52,72,"2,764",Sub-county
Njoro,"238,773","118,361","120,408","61,271","61,156",115,699,341,Sub-county
Rongai,"199,906","99,976","99,922","52,348","52,248",100,988,202,Sub-county
Subukia,"85,164","42,045","43,118","21,819","21,708",111,402,212,Sub-county
Narok,"1,157,873","579,042","578,805","241,125","238,115","3,010","17,932",65,County
Narok East,"115,323","58,699","56,617","25,078","24,860",218,"2,042",56,Sub-county
Narok North,"251,862","128,024","123,829","59,996","59,802",194,"2,159",117,Sub-county
Narok South,"238,472","118,441","120,029","46,723","46,549",174,"4,577",52,Sub-county
Narok West,"195,287","97,085","98,198","38,658","37,782",876,"5,563",35,Sub-county
Trans Mara East,"111,183","54,545","56,637","20,506","20,439",67,310,359,Sub-county
Trans Mara West,"245,714","122,220","123,491","50,132","48,683","1,449","2,546",97,Sub-county
Mau Forest,32,28,4,32, -   ,32,734,0,Sub-county
Kajiado,"1,117,840","557,098","560,704","316,179","313,218","2,961","21,871",51,County
Isinya,"210,473","105,607","104,860","71,579","71,395",184,"1,072",196,Sub-county
Kajiado Central,"161,862","81,514","80,343","37,238","37,059",179,"4,239",38,Sub-county
Kajiado North,"306,596","150,675","155,908","101,378","100,908",470,111,"2,773",Sub-county
Kajiado West,"182,849","91,607","91,237","42,774","42,367",407,"7,862",23,Sub-county
Loitokitok,"191,846","94,613","97,225","47,058","45,581","1,477","6,337",30,Sub-county
Mashuuru,"64,214","33,082","31,131","16,152","15,908",244,"2,251",29,Sub-county
Kericho,"901,777","450,741","451,008","206,036","205,932",104,"2,436",370,County
Belgut,"145,072","72,508","72,564","35,012","34,978",34,264,549,Sub-county
Bureti,"199,470","98,823","100,642","43,117","43,098",19,321,622,Sub-county
Kericho East,"170,625","86,671","83,947","44,246","44,246", - ,241,709,Sub-county
Kipkelion,"122,530","61,066","61,460","24,688","24,676",12,350,350,Sub-county
Londiani,"137,580","68,570","69,000","31,778","31,739",39,400,344,Sub-county
Soin Sigowet,"126,500","63,103","63,395","27,195","27,195", - ,466,271,Sub-county
Mau Forest, - , - , - , - , - , - ,201, - ,Sub-county
Tinderet Forest, - , - , - , - , - , - ,194, - ,Sub-county
Bomet,"875,689","434,287","441,379","187,641","187,230",411,"2,507",349,County
Bomet East,"144,275","71,095","73,172","29,958","29,897",61,305,473,Sub-county
Chepalungu,"164,837","79,921","84,912","33,931","33,850",81,461,358,Sub-county
Konoin,"163,507","83,120","80,384","38,178","38,123",55,393,417,Sub-county
Sotik,"227,855","112,369","115,482","47,315","47,265",50,544,419,Sub-county
Bomet Central,"175,215","87,782","87,429","38,259","38,095",164,286,613,Sub-county
Mau Forest, - , - , - , - , - , - ,519, - ,Sub-county
Kakamega,"1,867,579","897,133","970,406","433,207","432,284",923,"3,017",619,County
Butere,"154,100","73,634","80,463","36,243","36,243", - ,210,734,Sub-county
Kakamega Central,"188,212","92,774","95,432","52,015","51,956",59,155,"1,212",Sub-county
Kakamega East,"167,641","80,853","86,784","39,589","39,589", - ,417,402,Sub-county
Kakamega North,"238,330","115,511","122,814","51,083","50,952",131,421,566,Sub-county
Kakamega South,"111,743","53,219","58,524","26,964","26,940",24,146,764,Sub-county
Khwisero,"113,476","53,670","59,803","27,681","27,681", - ,146,779,Sub-county
Likuyani,"152,055","73,710","78,341","35,322","34,776",546,316,481,Sub-county
Lugari,"122,728","59,135","63,593","27,862","27,817",45,254,483,Sub-county
Matete,"66,172","31,749","34,423","13,956","13,956", - ,103,644,Sub-county
Matungu,"166,940","78,793","88,143","36,457","36,414",43,276,606,Sub-county
Mumias East,"116,851","55,895","60,953","26,049","25,995",54,150,778,Sub-county
Mumias West,"115,354","54,915","60,438","27,671","27,650",21,163,706,Sub-county
Navakholo,"153,977","73,275","80,695","32,315","32,315", - ,259,594,Sub-county
Vihiga,"590,013","283,678","306,323","143,365","143,288",77,564,"1,047",County
Emuhaya,"97,141","46,507","50,633","23,804","23,803",1,89,"1,091",Sub-county
Vihiga,"95,292","45,788","49,501","23,375","23,359",16,90,"1,058",Sub-county
Sabatia,"131,628","62,944","68,683","31,422","31,391",31,111,"1,181",Sub-county
Luanda,"106,694","51,525","55,165","26,766","26,766", - ,84,"1,265",Sub-county
Hamisi,"159,241","76,901","82,337","37,986","37,965",21,157,"1,013",Sub-county
Kakamega Forest,17,13,4,12,4,8,32,1,Sub-county
Bungoma,"1,670,570","812,146","858,389","358,796","357,714","1,082","3,024",552,County
Bumula,"215,892","103,368","112,523","44,954","44,922",32,345,625,Sub-county
Bungoma Central,"177,748","86,302","91,438","37,803","37,535",268,233,764,Sub-county
Bungoma East,"114,548","55,775","58,771","24,873","24,798",75,163,702,Sub-county
Bungoma North,"121,317","58,790","62,526","24,998","24,940",58,192,633,Sub-county
Bungoma South,"287,765","139,705","148,055","69,151","69,088",63,321,896,Sub-county
Cheptais,"136,035","67,717","68,312","26,326","26,007",319,223,610,Sub-county
Kimilili,"162,038","78,560","83,475","35,263","35,053",210,180,902,Sub-county
Mt Elgon,"78,873","38,977","39,893","15,276","15,230",46,126,624,Sub-county
Bungoma West,"119,875","58,225","61,649","25,172","25,166",6,211,568,Sub-county
Tongaren,"100,343","48,685","51,657","21,343","21,343", - ,185,542,Sub-county
Webuye West,"152,515","74,180","78,331","32,839","32,834",5,239,638,Sub-county
Mt Elgon Forest,"3,621","1,862","1,759",798,798, - ,606,6,Sub-county
Busia,"893,681","426,252","467,401","198,152","197,944",208,"1,700",526,County
Bunyala,"85,977","41,465","44,511","19,039","19,028",11,192,447,Sub-county
Busia,"142,408","69,034","73,373","33,160","33,152",8,196,727,Sub-county
Butula,"140,334","65,136","75,195","32,213","32,199",14,247,568,Sub-county
Nambale,"111,636","52,900","58,732","23,892","23,889",3,238,469,Sub-county
Samia,"107,176","50,821","56,341","23,884","23,813",71,262,408,Sub-county
Teso North,"138,034","66,412","71,619","29,395","29,314",81,261,529,Sub-county
Teso South,"168,116","80,484","87,630","36,569","36,549",20,303,555,Sub-county
Siaya,"993,183","471,669","521,496","250,698","249,341","1,357","2,530",393,County
Siaya,"224,343","105,906","118,433","57,553","57,386",167,599,375,Sub-county
Gem,"179,792","85,696","94,092","44,884","44,696",188,405,444,Sub-county
Ugenya,"134,354","62,624","71,726","33,565","33,554",11,324,415,Sub-county
Ugunja,"104,241","48,912","55,329","26,328","26,321",7,201,519,Sub-county
Bondo,"197,883","95,962","101,917","51,362","50,454",908,599,330,Sub-county
Rarieda,"152,570","72,569","79,999","37,006","36,930",76,402,379,Sub-county
Kisumu,"1,155,574","560,942","594,609","300,745","296,846","3,899","2,085",554,County
Kisumu East,"220,997","108,304","112,689","61,871","61,499",372,142,"1,560",Sub-county
Kisumu Central,"174,145","84,155","89,985","52,331","52,163",168,37,"4,737",Sub-county
Kisumu West,"172,821","85,697","87,121","45,933","42,785","3,148",209,827,Sub-county
Seme,"121,667","57,658","64,007","29,404","29,404", - ,268,454,Sub-county
Muhoroni,"154,116","76,770","77,345","37,193","36,982",211,658,234,Sub-county
Nyando,"161,508","77,121","84,380","38,460","38,460", - ,446,362,Sub-county
Nyakach,"150,320","71,237","79,082","35,553","35,553", - ,327,460,Sub-county
Homa Bay,"1,131,950","539,560","592,367","262,036","260,290","1,746","3,153",359,County
Homa Bay,"117,439","55,756","61,681","29,318","28,471",847,182,645,Sub-county
Ndhiwa,"218,136","103,706","114,422","48,062","47,956",106,713,306,Sub-county
Rachuonyo North,"178,686","85,409","93,273","41,809","41,661",148,435,410,Sub-county
Rachuonyo East,"121,822","57,709","64,111","27,319","27,229",90,251,486,Sub-county
Rachuonyo South,"130,814","61,663","69,151","30,990","30,693",297,256,511,Sub-county
Rangwe,"117,732","55,404","62,325","27,003","26,983",20,274,429,Sub-county
Suba North,"124,938","60,530","64,406","29,766","29,662",104,406,307,Sub-county
Suba South,"122,383","59,383","62,998","27,769","27,635",134,634,193,Sub-county
Migori,"1,116,436","536,187","580,214","240,168","238,133","2,035","2,613",427,County
Awendo,"117,290","56,348","60,939","27,033","27,014",19,255,459,Sub-county
Kuria East,"96,872","46,969","49,894","17,363","17,267",96,188,516,Sub-county
Kuria West,"208,513","101,090","107,417","39,781","39,723",58,396,527,Sub-county
Nyatike,"176,162","83,989","92,164","40,257","39,358",899,677,260,Sub-county
Rongo,"124,587","59,257","65,329","29,087","29,007",80,213,584,Sub-county
Suna East,"122,674","58,977","63,694","27,302","27,214",88,205,598,Sub-county
Suna West,"128,890","61,430","67,459","29,251","28,839",412,288,448,Sub-county
Uriri,"141,448","68,127","73,318","30,094","29,711",383,392,361,Sub-county
Kisii,"1,266,860","605,784","661,038","308,054","307,254",800,"1,323",957,County
Etago,"83,787","40,137","43,647","18,610","18,610", - ,108,773,Sub-county
Gucha,"83,740","39,631","44,108","19,657","19,621",36,82,"1,020",Sub-county
Gucha South,"83,623","40,022","43,598","19,732","19,627",105,95,878,Sub-county
Kenyenya,"131,740","62,859","68,878","30,989","30,985",4,142,930,Sub-county
Kisii Central,"166,906","81,330","85,573","44,311","44,037",274,136,"1,229",Sub-county
Kisii South,"135,134","64,514","70,615","31,696","31,574",122,128,"1,054",Sub-county
Kitutu Central,"154,175","74,608","79,561","41,271","41,233",38,100,"1,537",Sub-county
Marani,"107,464","50,598","56,864","26,186","26,133",53,128,837,Sub-county
Masaba South,"122,396","58,143","64,248","29,232","29,206",26,161,759,Sub-county
Nyamache,"130,898","62,113","68,782","30,712","30,583",129,163,805,Sub-county
Sameta,"66,997","31,829","35,164","15,658","15,645",13,79,847,Sub-county
Nyamira,"605,576","290,907","314,656","150,669","150,499",170,897,675,County
Borabu,"73,167","36,736","36,431","19,468","19,404",64,247,296,Sub-county
Manga,"94,209","44,868","49,339","23,869","23,836",33,111,845,Sub-county
Masaba North,"111,860","52,884","58,974","27,913","27,904",9,142,789,Sub-county
Nyamira North,"167,267","80,314","86,947","40,446","40,396",50,216,775,Sub-county
Nyamira South,"159,073","76,105","82,965","38,973","38,959",14,182,876,Sub-county
Nairobi City,"4,397,073","2,192,452","2,204,376","1,506,888","1,494,676","12,212",704,"6,247",County
Dagoretti,"434,208","217,651","216,526","155,089","154,949",140,29,"14,908",Sub-county
Embakasi,"988,808","492,476","496,270","347,955","346,462","1,493",86,"11,460",Sub-county
Kamukunji,"268,276","136,670","131,599","84,365","83,680",685,11,"25,455",Sub-county
Kasarani,"780,656","381,234","399,385","271,290","268,611","2,679",86,"9,063",Sub-county
Kibra,"185,777","94,199","91,569","61,690","61,651",39,12,"15,311",Sub-county
Lang'Ata,"197,489","96,698","100,774","62,239","60,187","2,052",217,911,Sub-county
Makadara,"189,536","96,369","93,157","70,361","70,080",281,12,"16,150",Sub-county
Mathare,"206,564","106,522","100,028","74,967","74,967", - ,3,"68,940",Sub-county
Njiru,"626,482","307,642","318,809","204,563","204,492",71,130,"4,821",Sub-county
Starehe,"210,423","109,173","101,238","69,389","66,108","3,281",21,"10,205",Sub-county
Westlands,"308,854","153,818","155,021","104,980","103,489","1,491",98,"3,167",Sub-county
